No.,ID,TIMESTAMP
1,23730,1744813911767
2,21682,1744813916774
3,9777,1744813921776
4,11687,1744813926781
5,10296,1744813931788
6,3336,1744813936789
7,14953,1744813941798
8,20805,1744813946805
9,25007,1744813951806
10,1699,1744813956809
11,20716,1744813961814
12,28358,1744813966819
13,18421,1744813971825
14,1061,1744813976835
15,1646,1744813981839
16,4101,1744813986847
17,26910,1744813991854
18,1113,1744813996858
19,22407,1744814001865
20,26359,1744814006876
21,6485,1744814011881
22,2761,1744814016887
23,14768,1744814021889
